<?xml encoding="UTF-8" version="1.0"?>
<actions>
<action>
    <icon>Terminal</icon>
    <name>Open Terminal Here</name>
    <unique-id>1551926759841136-1</unique-id>
    <command>exo-open --working-directory %f --launch TerminalEmulator</command>
    <description>Example for a custom action</description>
    <patterns>*</patterns>
    <directories/>
</action>
<action>
    <icon>filefind</icon>
    <name>Find in this folder</name>
    <unique-id>1551926759841247-2</unique-id>
    <command>catfish --path=%f</command>
    <description>Search for files within this folder</description>
    <patterns>*</patterns>
    <directories/>
</action>
<action>
    <icon>1E64_notepad.0</icon>
    <name>Edit with sudo</name>
    <unique-id>1576764187183894-3</unique-id>
    <command>gksu gedit %f</command>
    <description>Edit a text file with adminstrative priviledges</description>
    <patterns>*</patterns>
    <text-files/>
</action>
<action>
    <icon>k3b</icon>
    <name>Burn ISO</name>
    <unique-id>1576764159551453-2</unique-id>
    <command>k3b --image %f</command>
    <description>Burn an ISO with K3B</description>
    <patterns>*.iso</patterns>
    <other-files/>
</action>
<action>
    <icon>document-print</icon>
    <name>Send to Printer</name>
    <unique-id>1576764568493092-6</unique-id>
    <command>lp %f</command>
    <description>Print text and images</description>
    <patterns>*</patterns>
    <image-files/>
    <text-files/>
</action>
<action>
    <icon>media-audio</icon>
    <name>Convert Audio File</name>
    <unique-id>1576764743784250-7</unique-id>
    <command>/usr/share/nautilus-scripts/ConvertAudioFile %f</command>
    <description>Convert mp3s to oggs, wavs, and vice versa</description>
    <patterns>*.wav;*.ogg;*.mp3;*.mpc;*.flac;*.ape;*.acc;*.wma</patterns>
    <text-files/>
</action>
</actions>
