<?xml version="1.0" encoding="UTF-8"?>

<channel name="xfce4-panel" version="1.0">
  <property name="panels" type="array">
    <value type="int" value="0"/>
    <value type="int" value="1"/>
    <property name="panel-0" type="empty">
      <property name="position" type="string" value="p=8;x=880;y=941"/>
      <property name="length" type="uint" value="100"/>
      <property name="position-locked" type="bool" value="true"/>
      <property name="plugin-ids" type="array">
        <value type="int" value="1"/>
        <value type="int" value="2"/>
        <value type="int" value="3"/>
        <value type="int" value="10"/>
        <value type="int" value="4"/>
        <value type="int" value="5"/>
        <value type="int" value="6"/>
        <value type="int" value="9"/>
        <value type="int" value="7"/>
        <value type="int" value="8"/>
      </property>
      <property name="background-style" type="uint" value="0"/>
      <property name="background-alpha" type="uint" value="80"/>
      <property name="size" type="uint" value="30"/>
      <property name="length-adjust" type="bool" value="true"/>
      <property name="span-monitors" type="bool" value="false"/>
      <property name="enter-opacity" type="uint" value="100"/>
      <property name="leave-opacity" type="uint" value="100"/>
      <property name="mode" type="uint" value="0"/>
      <property name="autohide-behavior" type="uint" value="0"/>
      <property name="disable-struts" type="bool" value="false"/>
      <property name="nrows" type="uint" value="1"/>
    </property>
    <property name="panel-2" type="empty">
      <property name="autohide-behavior" type="uint" value="0"/>
      <property name="background-alpha" type="uint" value="100"/>
      <property name="background-style" type="uint" value="0"/>
      <property name="disable-struts" type="bool" value="false"/>
      <property name="enter-opacity" type="uint" value="100"/>
      <property name="leave-opacity" type="uint" value="100"/>
      <property name="length" type="uint" value="10"/>
      <property name="length-adjust" type="bool" value="true"/>
      <property name="mode" type="uint" value="0"/>
      <property name="nrows" type="uint" value="1"/>
      <property name="plugin-ids" type="array">
        <value type="int" value="8"/>
        <value type="int" value="9"/>
        <value type="int" value="10"/>
        <value type="int" value="11"/>
        <value type="int" value="12"/>
        <value type="int" value="13"/>
        <value type="int" value="14"/>
        <value type="int" value="15"/>
      </property>
      <property name="position" type="string" value="p=10;x=0;y=0"/>
      <property name="position-locked" type="bool" value="true"/>
      <property name="size" type="uint" value="48"/>
    </property>
    <property name="panel-1" type="empty">
      <property name="position" type="string" value="p=2;x=1869;y=540"/>
      <property name="mode" type="uint" value="2"/>
      <property name="size" type="uint" value="128"/>
      <property name="length" type="uint" value="100"/>
      <property name="position-locked" type="bool" value="true"/>
      <property name="plugin-ids" type="array">
        <value type="int" value="19"/>
        <value type="int" value="17"/>
        <value type="int" value="13"/>
        <value type="int" value="18"/>
        <value type="int" value="15"/>
        <value type="int" value="16"/>
      </property>
      <property name="disable-struts" type="bool" value="false"/>
      <property name="autohide-behavior" type="uint" value="0"/>
    </property>
  </property>
  <property name="plugins" type="empty">
    <property name="plugin-1" type="string" value="whiskermenu">
      <property name="button-icon" type="string" value="xfce4-panel-menu"/>
      <property name="button-title" type="string" value="Applications"/>
      <property name="custom-menu" type="bool" value="false"/>
      <property name="show-button-title" type="bool" value="true"/>
      <property name="show-generic-names" type="bool" value="false"/>
      <property name="show-menu-icons" type="bool" value="true"/>
      <property name="show-tooltips" type="bool" value="false"/>
    </property>
    <property name="plugin-2" type="string" value="tasklist">
      <property name="flat-buttons" type="bool" value="true"/>
      <property name="show-button-type" type="int" value="1"/>
      <property name="grouping" type="uint" value="0"/>
      <property name="include-all-monitors" type="bool" value="true"/>
      <property name="include-all-workspaces" type="bool" value="false"/>
      <property name="middle-click" type="uint" value="0"/>
      <property name="show-handle" type="bool" value="true"/>
      <property name="show-labels" type="bool" value="true"/>
      <property name="show-only-minimized" type="bool" value="false"/>
      <property name="show-wireframes" type="bool" value="false"/>
      <property name="sort-order" type="uint" value="1"/>
      <property name="switch-workspace-on-unminimize" type="bool" value="true"/>
      <property name="window-scrolling" type="bool" value="true"/>
    </property>
    <property name="plugin-3" type="string" value="separator">
      <property name="style" type="uint" value="0"/>
      <property name="expand" type="bool" value="true"/>
    </property>
    <property name="plugin-4" type="string" value="systray">
      <property name="show-frame" type="bool" value="false"/>
      <property name="size-max" type="uint" value="22"/>
      <property name="names-visible" type="array">
        <value type="string" value="thunar"/>
        <value type="string" value="vlc"/>
        <value type="string" value="system-config-printer"/>
        <value type="string" value="truecrypt"/>
        <value type="string" value="networkmanager applet"/>
        <value type="string" value="task manager"/>
        <value type="string" value="nemo"/>
        <value type="string" value="network"/>
        <value type="string" value="transgui"/>
        <value type="string" value="blueman-applet"/>
        <value type="string" value="dropbox"/>
        <value type="string" value="xfce4-power-manager"/>
        <value type="string" value="update-notifier"/>
        <value type="string" value="hp-systray"/>
        <value type="string" value="remmina"/>
      </property>
      <property name="items" type="array">
        <value type="string" value="14418443291.desktop"/>
      </property>
      <property name="miniature-view" type="bool" value="true"/>
      <property name="rows" type="uint" value="1"/>
    </property>
    <property name="plugin-5" type="string" value="power-manager-plugin">
      <property name="digital-format" type="string" value="%R"/>
      <property name="mode" type="uint" value="2"/>
      <property name="show-frame" type="bool" value="true"/>
      <property name="tooltip-format" type="string" value="%A %d %B %Y"/>
      <property name="items" type="array">
        <value type="string" value="14418443522.desktop"/>
      </property>
      <property name="align-left" type="bool" value="false"/>
      <property name="mode-whitelist" type="bool" value="false"/>
      <property name="single-row" type="bool" value="false"/>
      <property name="known-indicators" type="array">
        <value type="string" value="libapplication.so"/>
        <value type="string" value="com.canonical.indicator.sound"/>
        <value type="string" value="com.canonical.indicator.messages"/>
      </property>
    </property>
    <property name="plugin-6" type="string" value="indicator">
      <property name="blacklist" type="array">
        <value type="string" value="libappmenu.so"/>
      </property>
      <property name="known-indicators" type="array">
        <value type="string" value="libapplication.so"/>
        <value type="string" value="com.canonical.indicator.sound"/>
        <value type="string" value="com.canonical.indicator.messages"/>
      </property>
      <property name="items" type="array">
        <value type="string" value="14418443623.desktop"/>
      </property>
      <property name="show-frame" type="bool" value="true"/>
      <property name="size-max" type="uint" value="22"/>
      <property name="names-visible" type="array">
        <value type="string" value="network"/>
        <value type="string" value="blueman-applet"/>
      </property>
      <property name="align-left" type="bool" value="false"/>
      <property name="expand" type="bool" value="false"/>
      <property name="mode-whitelist" type="bool" value="false"/>
      <property name="single-row" type="bool" value="false"/>
      <property name="style" type="uint" value="0"/>
    </property>
    <property name="plugin-7" type="string" value="separator">
      <property name="style" type="uint" value="0"/>
      <property name="expand" type="bool" value="false"/>
      <property name="appearance" type="uint" value="1"/>
      <property name="ask-confirmation" type="bool" value="true"/>
      <property name="digital-format" type="string" value="%a, %d %b %H:%M"/>
    </property>
    <property name="plugin-8" type="string" value="clock">
      <property name="digital-format" type="string" value="%d %b, %H:%M"/>
      <property name="show-frame" type="bool" value="true"/>
      <property name="size-max" type="uint" value="22"/>
      <property name="names-visible" type="array">
        <value type="string" value="network"/>
        <value type="string" value="blueman-applet"/>
      </property>
      <property name="expand" type="bool" value="false"/>
      <property name="mode" type="uint" value="2"/>
      <property name="style" type="uint" value="0"/>
      <property name="tooltip-format" type="string" value="%A %d %B %Y"/>
    </property>
    <property name="plugin-9" type="string" value="pulseaudio">
      <property name="enable-keyboard-shortcuts" type="bool" value="true"/>
      <property name="mpris-players" type="string" value="vlc"/>
    </property>
    <property name="plugin-10" type="string" value="weather"/>
    <property name="plugin-13" type="string" value="pulseaudio">
      <property name="enable-keyboard-shortcuts" type="bool" value="true"/>
    </property>
    <property name="plugin-15" type="string" value="screenshooter"/>
    <property name="plugin-16" type="string" value="showdesktop"/>
    <property name="plugin-17" type="string" value="weather"/>
    <property name="plugin-18" type="string" value="places"/>
    <property name="plugin-19" type="string" value="datetime"/>
  </property>
  <property name="configver" type="int" value="2"/>
</channel>
