<?xml version="1.0" encoding="UTF-8"?>

<channel name="xfce4-notifyd" version="1.0">
  <property name="notify-location" type="empty"/>
  <property name="theme" type="empty"/>
  <property name="initial-opacity" type="empty"/>
  <property name="do-fadeout" type="empty"/>
  <property name="applications" type="empty">
    <property name="known_applications" type="array">
      <value type="string" value="Dropbox"/>
      <value type="string" value="nemo"/>
      <value type="string" value="nm-applet"/>
      <value type="string" value="org.gnome.Software"/>
      <value type="string" value="org.remmina.Remmina"/>
      <value type="string" value="System Config Printer Notification"/>
      <value type="string" value="Thunderbird"/>
      <value type="string" value="Xfce volume control"/>
      <value type="string" value="xfce4-power-manager"/>
    </property>
  </property>
</channel>
